date,subject,condition,sex,experimenter,trial_num,platform,distance,laser_trial,outcome
2023-07-21,WT0001LR,control,F,JHO,1,5,10,0,2
2023-07-21,WT0001LR,control,F,JHO,2,3,12,0,2
2023-07-21,WT0001LR,control,F,JHO,3,3,20,0,2
2023-07-21,WT0001LR,control,F,JHO,4,3,14,0,2
2023-07-21,WT0001LR,control,F,JHO,5,3,18,0,2
2023-07-21,WT0001LR,control,F,JHO,6,3,14,0,2
2023-07-21,WT0001LR,control,F,JHO,7,4,18,0,2
2023-07-21,WT0001LR,control,F,JHO,8,3,16,0,2
2023-07-21,WT0001LR,control,F,JHO,9,3,10,0,2
2023-07-21,WT0001LR,control,F,JHO,10,3,18,0,2
2023-07-21,WT0001LR,control,F,JHO,11,1,14,0,2
2023-07-21,WT0001LR,control,F,JHO,12,3,10,0,1
2023-07-21,WT0001LR,control,F,JHO,13,2,14,0,1
2023-07-21,WT0001LR,control,F,JHO,14,3,14,0,1
2023-07-21,WT0001LR,control,F,JHO,15,3,16,0,2
2023-07-21,WT0001LR,control,F,JHO,16,3,14,0,1
2023-07-21,WT0001LR,control,F,JHO,17,3,10,0,1
2023-07-21,WT0001LR,control,F,JHO,18,3,14,0,1
2023-07-21,WT0001LR,control,F,JHO,19,3,20,0,2
2023-07-21,WT0001LR,control,F,JHO,20,2,14,0,1
2023-07-21,WT0001LR,control,F,JHO,21,2,20,0,2
2023-07-21,WT0001LR,control,F,JHO,22,5,10,0,1
2023-07-21,WT0001LR,control,F,JHO,23,3,14,0,1
2023-07-21,WT0001LR,control,F,JHO,24,5,18,0,1
2023-07-21,WT0001LR,control,F,JHO,25,3,18,0,1
2023-07-21,WT0001LR,control,F,JHO,26,3,20,0,2
2023-07-21,WT0001LR,control,F,JHO,27,3,20,0,1
2023-07-21,WT0001LR,control,F,JHO,28,3,14,0,1
2023-07-21,WT0001LR,control,F,JHO,29,3,10,0,1
2023-07-21,WT0001LR,control,F,JHO,30,5,10,0,1
2023-07-21,WT0001LR,control,F,JHO,31,2,10,0,1
2023-07-21,WT0001LR,control,F,JHO,32,3,20,0,1
2023-07-21,WT0001LR,control,F,JHO,33,3,18,0,1
2023-07-21,WT0001LR,control,F,JHO,34,3,16,0,1
2023-07-21,WT0001LR,control,F,JHO,35,3,16,0,1
2023-07-21,WT0001LR,control,F,JHO,36,3,10,0,1
2023-07-21,WT0001LR,control,F,JHO,37,3,14,0,1
2023-07-21,WT0001LR,control,F,JHO,38,3,14,0,1
2023-07-21,WT0001LR,control,F,JHO,39,3,16,0,1
2023-07-21,WT0001LR,control,F,JHO,40,5,14,0,1
2023-07-21,WT0001LR,control,F,JHO,41,3,16,0,1
2023-07-21,WT0001LR,control,F,JHO,42,3,20,0,2
2023-07-21,WT0001LR,control,F,JHO,43,3,16,0,1
2023-07-21,WT0001LR,control,F,JHO,44,4,10,0,1
2023-07-21,WT0001LR,control,F,JHO,45,1,18,0,2
2023-07-21,WT0001LR,control,F,JHO,46,5,12,0,2
2023-07-21,WT0001LR,control,F,JHO,47,3,10,0,1
