date,subject,condition,sex,experimenter,trial_num,platform,distance,laser_trial,outcome
2023-07-22,WT0001R2,control,F,JHO,1,3,10,0,2
2023-07-22,WT0001R2,control,F,JHO,2,2,18,0,2
2023-07-22,WT0001R2,control,F,JHO,3,3,14,0,2
2023-07-22,WT0001R2,control,F,JHO,4,4,10,0,1
2023-07-22,WT0001R2,control,F,JHO,5,3,18,0,2
2023-07-22,WT0001R2,control,F,JHO,6,3,12,0,2
2023-07-22,WT0001R2,control,F,JHO,7,3,10,0,2
2023-07-22,WT0001R2,control,F,JHO,8,4,20,0,2
2023-07-22,WT0001R2,control,F,JHO,9,3,10,0,1
2023-07-22,WT0001R2,control,F,JHO,10,4,18,0,2
2023-07-22,WT0001R2,control,F,JHO,11,3,18,0,2
2023-07-22,WT0001R2,control,F,JHO,12,3,12,0,1
2023-07-22,WT0001R2,control,F,JHO,13,3,12,0,1
2023-07-22,WT0001R2,control,F,JHO,14,3,18,0,2
2023-07-22,WT0001R2,control,F,JHO,15,3,10,0,1
2023-07-22,WT0001R2,control,F,JHO,16,1,16,0,2
2023-07-22,WT0001R2,control,F,JHO,17,3,16,0,1
2023-07-22,WT0001R2,control,F,JHO,18,3,14,0,1
2023-07-22,WT0001R2,control,F,JHO,19,3,10,0,1
2023-07-22,WT0001R2,control,F,JHO,20,3,20,0,2
2023-07-22,WT0001R2,control,F,JHO,21,3,16,0,2
2023-07-22,WT0001R2,control,F,JHO,22,4,18,0,2
2023-07-22,WT0001R2,control,F,JHO,23,3,10,0,2
2023-07-22,WT0001R2,control,F,JHO,24,5,10,0,1
2023-07-22,WT0001R2,control,F,JHO,25,2,10,0,1
2023-07-22,WT0001R2,control,F,JHO,26,3,16,0,2
2023-07-22,WT0001R2,control,F,JHO,27,3,10,0,1
2023-07-22,WT0001R2,control,F,JHO,28,3,14,0,2
2023-07-22,WT0001R2,control,F,JHO,29,1,14,0,2
2023-07-22,WT0001R2,control,F,JHO,30,3,16,0,2
2023-07-22,WT0001R2,control,F,JHO,31,3,16,0,2
2023-07-22,WT0001R2,control,F,JHO,32,3,20,0,2
2023-07-22,WT0001R2,control,F,JHO,33,3,16,0,1
2023-07-22,WT0001R2,control,F,JHO,34,3,12,0,1
2023-07-22,WT0001R2,control,F,JHO,35,3,16,0,2
2023-07-22,WT0001R2,control,F,JHO,36,3,16,0,1
