date,subject,condition,sex,experimenter,trial_num,platform,distance,laser_trial,outcome
2023-07-25,WT0001R2,control,F,JHO,1,3,20,0,2
2023-07-25,WT0001R2,control,F,JHO,2,3,14,0,2
2023-07-25,WT0001R2,control,F,JHO,3,3,10,0,1
2023-07-25,WT0001R2,control,F,JHO,4,3,20,0,2
2023-07-25,WT0001R2,control,F,JHO,5,3,16,0,2
2023-07-25,WT0001R2,control,F,JHO,6,3,16,0,2
2023-07-25,WT0001R2,control,F,JHO,7,3,16,0,2
2023-07-25,WT0001R2,control,F,JHO,8,3,18,0,2
2023-07-25,WT0001R2,control,F,JHO,9,3,20,0,2
2023-07-25,WT0001R2,control,F,JHO,10,3,10,0,2
2023-07-25,WT0001R2,control,F,JHO,11,3,12,0,2
2023-07-25,WT0001R2,control,F,JHO,12,1,18,0,2
2023-07-25,WT0001R2,control,F,JHO,13,2,18,0,2
2023-07-25,WT0001R2,control,F,JHO,14,3,10,0,1
2023-07-25,WT0001R2,control,F,JHO,15,3,18,0,2
2023-07-25,WT0001R2,control,F,JHO,16,3,12,0,1
2023-07-25,WT0001R2,control,F,JHO,17,5,20,0,2
2023-07-25,WT0001R2,control,F,JHO,18,3,18,0,2
2023-07-25,WT0001R2,control,F,JHO,19,3,18,0,2
2023-07-25,WT0001R2,control,F,JHO,20,2,12,0,1
2023-07-25,WT0001R2,control,F,JHO,21,3,18,0,2
2023-07-25,WT0001R2,control,F,JHO,22,3,18,0,2
2023-07-25,WT0001R2,control,F,JHO,23,3,14,0,1
2023-07-25,WT0001R2,control,F,JHO,24,3,18,0,2
2023-07-25,WT0001R2,control,F,JHO,25,3,10,0,1
2023-07-25,WT0001R2,control,F,JHO,26,3,12,0,2
2023-07-25,WT0001R2,control,F,JHO,27,2,12,0,1
2023-07-25,WT0001R2,control,F,JHO,28,3,18,0,2
2023-07-25,WT0001R2,control,F,JHO,29,3,10,0,1
2023-07-25,WT0001R2,control,F,JHO,30,3,10,0,1
2023-07-25,WT0001R2,control,F,JHO,31,3,10,0,1
2023-07-25,WT0001R2,control,F,JHO,32,3,10,0,1
2023-07-25,WT0001R2,control,F,JHO,33,3,20,0,2
2023-07-25,WT0001R2,control,F,JHO,34,1,12,0,1
2023-07-25,WT0001R2,control,F,JHO,35,5,16,0,1
2023-07-25,WT0001R2,control,F,JHO,36,5,12,0,1
2023-07-25,WT0001R2,control,F,JHO,37,4,14,0,1
2023-07-25,WT0001R2,control,F,JHO,38,5,12,0,1
2023-07-25,WT0001R2,control,F,JHO,39,3,20,0,2
2023-07-25,WT0001R2,control,F,JHO,40,2,10,0,1
2023-07-25,WT0001R2,control,F,JHO,41,5,20,0,2
2023-07-25,WT0001R2,control,F,JHO,42,3,16,0,2
2023-07-25,WT0001R2,control,F,JHO,43,3,10,0,2
2023-07-25,WT0001R2,control,F,JHO,44,4,18,0,2
2023-07-25,WT0001R2,control,F,JHO,45,3,20,0,2
2023-07-25,WT0001R2,control,F,JHO,46,3,14,0,1
2023-07-25,WT0001R2,control,F,JHO,47,3,12,0,2
2023-07-25,WT0001R2,control,F,JHO,48,1,10,0,1
2023-07-25,WT0001R2,control,F,JHO,49,4,12,0,1
