date,subject,condition,sex,experimenter,trial_num,platform,distance,laser_trial,outcome
2023-07-28,WT0002L1,control,M,ACN,1,3,10,0,1
2023-07-28,WT0002L1,control,M,ACN,2,3,20,0,2
2023-07-28,WT0002L1,control,M,ACN,3,3,18,0,1
2023-07-28,WT0002L1,control,M,ACN,4,2,18,0,1
2023-07-28,WT0002L1,control,M,ACN,5,5,12,0,1
2023-07-28,WT0002L1,control,M,ACN,6,3,20,0,2
2023-07-28,WT0002L1,control,M,ACN,7,3,12,0,0
2023-07-28,WT0002L1,control,M,ACN,8,3,12,0,1
2023-07-28,WT0002L1,control,M,ACN,9,3,20,0,2
2023-07-28,WT0002L1,control,M,ACN,10,3,16,0,1
2023-07-28,WT0002L1,control,M,ACN,11,2,16,0,1
2023-07-28,WT0002L1,control,M,ACN,12,3,10,0,1
2023-07-28,WT0002L1,control,M,ACN,13,4,20,0,0
2023-07-28,WT0002L1,control,M,ACN,14,3,12,0,1
2023-07-28,WT0002L1,control,M,ACN,15,3,16,0,1
2023-07-28,WT0002L1,control,M,ACN,16,3,20,0,0
2023-07-28,WT0002L1,control,M,ACN,17,2,18,0,1
2023-07-28,WT0002L1,control,M,ACN,18,3,10,0,1
2023-07-28,WT0002L1,control,M,ACN,19,3,10,0,1
2023-07-28,WT0002L1,control,M,ACN,20,4,18,0,1
2023-07-28,WT0002L1,control,M,ACN,21,3,20,0,2
2023-07-28,WT0002L1,control,M,ACN,22,3,14,0,1
2023-07-28,WT0002L1,control,M,ACN,23,3,12,0,1
2023-07-28,WT0002L1,control,M,ACN,24,3,10,0,1
2023-07-28,WT0002L1,control,M,ACN,25,1,20,0,2
2023-07-28,WT0002L1,control,M,ACN,26,2,10,0,1
2023-07-28,WT0002L1,control,M,ACN,27,1,14,0,1
2023-07-28,WT0002L1,control,M,ACN,28,3,12,0,1
2023-07-28,WT0002L1,control,M,ACN,29,4,18,0,1
2023-07-28,WT0002L1,control,M,ACN,30,3,18,0,1
2023-07-28,WT0002L1,control,M,ACN,31,4,10,0,1
2023-07-28,WT0002L1,control,M,ACN,32,3,20,0,1
2023-07-28,WT0002L1,control,M,ACN,33,3,20,0,0
2023-07-28,WT0002L1,control,M,ACN,34,1,12,0,1
2023-07-28,WT0002L1,control,M,ACN,35,3,10,0,1
2023-07-28,WT0002L1,control,M,ACN,36,2,16,0,1
2023-07-28,WT0002L1,control,M,ACN,37,3,12,0,1
2023-07-28,WT0002L1,control,M,ACN,38,4,12,0,1
2023-07-28,WT0002L1,control,M,ACN,39,4,16,0,1
2023-07-28,WT0002L1,control,M,ACN,40,3,10,0,1
2023-07-28,WT0002L1,control,M,ACN,41,3,18,0,1
2023-07-28,WT0002L1,control,M,ACN,42,3,12,0,1
2023-07-28,WT0002L1,control,M,ACN,43,3,12,0,2
2023-07-28,WT0002L1,control,M,ACN,44,3,14,0,0
2023-07-28,WT0002L1,control,M,ACN,45,1,20,0,2
2023-07-28,WT0002L1,control,M,ACN,46,3,10,0,1
2023-07-28,WT0002L1,control,M,ACN,47,3,16,0,1
2023-07-28,WT0002L1,control,M,ACN,48,5,12,0,1
2023-07-28,WT0002L1,control,M,ACN,49,3,10,0,2
2023-07-28,WT0002L1,control,M,ACN,50,5,10,0,1
2023-07-28,WT0002L1,control,M,ACN,51,3,16,0,1
2023-07-28,WT0002L1,control,M,ACN,52,3,10,0,1
2023-07-28,WT0002L1,control,M,ACN,53,3,10,0,1
2023-07-28,WT0002L1,control,M,ACN,54,5,16,0,1
2023-07-28,WT0002L1,control,M,ACN,55,3,20,0,2
2023-07-28,WT0002L1,control,M,ACN,56,3,12,0,2
2023-07-28,WT0002L1,control,M,ACN,57,3,20,0,2
